<?xml version="1.0" encoding="UTF-8"?>
<project-private xmlns="http://www.netbeans.org/ns/project-private/1">
    <editor-bookmarks xmlns="http://www.netbeans.org/ns/editor-bookmarks/2" lastBookmarkId="0"/>
    <open-files xmlns="http://www.netbeans.org/ns/projectui-open-files/2">
        <group>
            <file>file:/E:/4IV8_PSW_FloresLopezMariana/10BD2/src/java/EliminarAlumno.java</file>
            <file>file:/E:/4IV8_PSW_FloresLopezMariana/10BD2/src/java/RegistrarAlumnos.java</file>
            <file>file:/E:/4IV8_PSW_FloresLopezMariana/10BD2/web/index.html</file>
            <file>file:/E:/4IV8_PSW_FloresLopezMariana/10BD2/src/java/ConsultarAlumnos.java</file>
        </group>
    </open-files>
</project-private>
