<?xml version="1.0" encoding="UTF-8"?>
<project-private xmlns="http://www.netbeans.org/ns/project-private/1">
    <editor-bookmarks xmlns="http://www.netbeans.org/ns/editor-bookmarks/2" lastBookmarkId="0"/>
    <open-files xmlns="http://www.netbeans.org/ns/projectui-open-files/2">
        <group>
            <file>file:/C:/Users/HP/Desktop/4IV8_PSW_DiazTiburcioIsmaelAlejandro/10BD/web/index.html</file>
            <file>file:/C:/Users/HP/Desktop/4IV8_PSW_DiazTiburcioIsmaelAlejandro/10BD/web/style.css</file>
            <file>file:/C:/Users/HP/Desktop/4IV8_PSW_DiazTiburcioIsmaelAlejandro/10BD/nbproject/build-impl.xml</file>
            <file>file:/C:/Users/HP/Desktop/4IV8_PSW_DiazTiburcioIsmaelAlejandro/10BD/src/java/ConsultarAlumnos.java</file>
        </group>
    </open-files>
</project-private>
